{"GridLength":64,"ImGc0Bins":256,"ReGc0Points":128,"ReGc0dw":1e-06,"NumProcs":1,"InitD1":0.1,"InitMu":0.1,"InitF0":0.1,"Alpha":-1,"T0":1,"Tz":0.1,"Thp":0.1,"X":0.1,"DeltaS":1,"CS":0.1,"D1":0.053352856524156486,"Mu":-0.23959545685146372,"F0":0.1326082268107227,"EpsilonMin":-1.8}