{"GridLength":64,"ImGc0Bins":256,"ReGc0Points":256,"ReGc0dw":1e-10,"InitD1":0.05,"InitMu":-0.1,"InitF0":0.1,"Alpha":-1,"T":4,"T0":1,"Tz":0.1,"Thp":0.1,"X":0.1,"DeltaS":2,"CS":1,"Superconducting":true,"D1":0.052618992392930136,"Mu":-0.21964827353707628,"F0":0.13093957516714283,"EpsilonMin":-1.8}
