{"GridLength":64,"ImGc0Bins":256,"ReGc0Points":128,"ReGc0dw":1e-06,"NumProcs":1,"InitD1":0.1,"InitMu":0.1,"InitF0":0.1,"Alpha":-1,"T0":1,"Tz":0.1,"Thp":0.1,"X":0.1,"Lambda":4,"DeltaS":1,"CS":0.1,"D1":0.05335219715345338,"Mu":-0.2395920853764853,"F0":0.1326084544288602,"EpsilonMin":-1.8}